1741,2026-09-22T03:40:07,enabled
1740,2026-09-22T03:35:04,enabled
1739,2026-09-22T03:30:04,enabled
1738,2026-09-22T03:00:17,enabled
1737,2026-09-22T00:20:07,enabled
1736,2026-09-22T00:15:15,enabled
1735,2026-09-22T00:10:15,enabled
1734,2026-09-22T00:05:18,enabled
1733,2026-09-22T00:00:07,enabled
1732,2026-09-21T23:55:04,enabled
1731,2026-09-21T23:50:04,enabled
1730,2026-09-21T23:45:04,enabled
1729,2026-09-21T23:40:04,enabled
1728,2026-09-21T23:35:05,enabled
1727,2026-09-21T23:30:04,enabled
1726,2026-09-21T23:25:04,enabled
1725,2026-09-21T23:20:05,enabled
1724,2026-09-21T23:15:04,enabled
1723,2026-09-21T23:10:05,enabled
1722,2026-09-21T23:05:04,enabled
1721,2026-09-21T23:00:05,enabled
1720,2026-09-21T22:55:05,enabled
1719,2026-09-21T22:50:04,enabled
1718,2026-09-21T22:45:04,enabled
1717,2026-09-21T22:40:04,enabled
1716,2026-09-21T22:35:07,enabled
1715,2026-09-21T22:30:05,enabled
1714,2026-09-21T22:25:04,enabled
1713,2026-09-21T22:20:04,enabled
1712,2026-09-21T22:15:05,enabled
1711,2026-09-21T22:10:11,enabled
1710,2026-09-21T22:05:12,enabled
1709,2026-09-21T22:00:05,enabled
1708,2026-09-21T21:55:04,enabled
1707,2026-09-21T21:50:05,enabled
1706,2026-09-21T21:45:04,enabled
1705,2026-09-21T21:40:05,enabled
1704,2026-09-21T21:35:05,enabled
1703,2026-09-21T21:30:06,enabled
1702,2026-09-21T21:25:04,enabled
1701,2026-09-21T21:20:04,enabled
1700,2026-09-21T21:15:12,enabled
1699,2026-09-21T21:10:11,enabled
1698,2026-09-21T21:05:06,enabled
1697,2026-09-21T21:00:54,enabled
1696,2026-09-21T20:55:07,enabled
1695,2026-09-21T20:50:28,enabled
1694,2026-09-21T20:45:13,enabled
1693,2026-09-21T20:40:13,enabled
1692,2026-09-21T20:35:06,enabled
1691,2026-09-21T20:30:45,enabled
1690,2026-09-21T20:25:26,enabled
1689,2026-09-21T20:20:21,enabled
1688,2026-09-21T20:15:12,enabled
1687,2026-09-21T20:10:08,enabled
1686,2026-09-21T20:05:06,enabled
1685,2026-09-21T20:00:10,enabled
1684,2026-09-21T19:55:06,enabled
1683,2026-09-21T19:50:07,enabled
1682,2026-09-21T19:45:05,enabled
1681,2026-09-21T19:40:13,enabled
1680,2026-09-21T19:35:12,enabled
1679,2026-09-21T19:30:15,enabled
1678,2026-09-21T19:25:10,enabled
1677,2026-09-21T19:20:21,enabled
1676,2026-09-21T19:15:23,enabled
1675,2026-09-21T19:10:24,enabled
1674,2026-09-21T19:05:09,enabled
1673,2026-09-21T19:00:04,enabled
1672,2026-09-21T18:55:05,enabled
1671,2026-09-21T18:50:04,enabled
1670,2026-09-21T18:45:04,enabled
1669,2026-09-21T18:40:05,enabled
1668,2026-09-21T18:35:05,enabled
1667,2026-09-21T18:30:05,enabled
1666,2026-09-21T18:25:07,enabled
1665,2026-09-21T18:20:11,enabled
1664,2026-09-21T18:15:24,enabled
1663,2026-09-21T18:10:24,enabled
1662,2026-09-21T18:05:05,enabled
1661,2026-09-21T18:00:25,enabled
1660,2026-09-21T17:55:17,enabled
1659,2026-09-21T17:50:17,enabled
1658,2026-09-21T17:45:05,enabled
1657,2026-09-21T17:40:16,enabled
1656,2026-09-21T17:35:17,enabled
1655,2026-09-21T17:30:50,enabled
1654,2026-09-21T17:25:12,enabled
1653,2026-09-21T17:20:09,enabled
1652,2026-09-21T17:15:08,enabled
1651,2026-09-21T17:10:07,enabled
1650,2026-09-21T17:05:07,enabled
1649,2026-09-21T17:00:06,enabled
1648,2026-09-21T16:55:05,enabled
1647,2026-09-21T16:50:04,enabled
1646,2026-09-21T16:45:04,enabled
1645,2026-09-21T16:40:05,enabled
1644,2026-09-21T16:35:03,enabled
1643,2026-09-21T16:30:13,enabled
1642,2026-09-21T16:25:04,enabled
1641,2026-09-21T16:20:04,enabled
1640,2026-09-21T16:15:10,enabled
1639,2026-09-21T16:10:21,enabled
1638,2026-09-21T16:05:08,enabled
1637,2026-09-21T16:00:08,enabled
1636,2026-09-21T15:55:07,enabled
1635,2026-09-21T15:50:09,enabled
1634,2026-09-21T15:45:07,enabled
1633,2026-09-21T15:40:09,enabled
1632,2026-09-21T15:35:16,enabled
1631,2026-09-21T15:30:23,enabled
1630,2026-09-21T15:25:09,enabled
1629,2026-09-21T15:20:05,enabled
1628,2026-09-21T15:15:07,enabled
1627,2026-09-21T15:10:09,enabled
1626,2026-09-21T15:05:10,enabled
1625,2026-09-21T15:00:47,enabled
1624,2026-09-21T14:55:11,enabled
1623,2026-09-21T14:50:20,enabled
1622,2026-09-21T14:45:11,enabled
1621,2026-09-21T14:40:13,enabled
1620,2026-09-21T14:35:14,enabled
1619,2026-09-21T14:30:07,enabled
1618,2026-09-21T14:25:06,enabled
1617,2026-09-21T14:20:05,enabled
1616,2026-09-21T14:15:16,enabled
1615,2026-09-21T14:10:05,enabled
1614,2026-09-21T14:05:09,enabled
1613,2026-09-21T14:00:32,enabled
1612,2026-09-21T13:55:14,enabled
1611,2026-09-21T13:50:18,enabled
1610,2026-09-21T13:45:05,enabled
1609,2026-09-21T13:40:06,enabled
1608,2026-09-21T13:35:22,enabled
1607,2026-09-21T13:30:07,enabled
1606,2026-09-21T13:25:17,enabled
1605,2026-09-21T13:20:05,enabled
1604,2026-09-21T13:15:07,enabled
1603,2026-09-21T13:10:17,enabled
1602,2026-09-21T13:05:05,enabled
1601,2026-09-21T13:01:02,enabled
1600,2026-09-21T12:55:17,enabled
1599,2026-09-21T12:50:26,enabled
1598,2026-09-21T12:45:06,enabled
1597,2026-09-21T12:40:14,enabled
1596,2026-09-21T12:35:10,enabled
1595,2026-09-21T12:30:09,enabled
1594,2026-09-21T12:25:08,enabled
1593,2026-09-21T12:20:20,enabled
1592,2026-09-21T12:15:08,enabled
1591,2026-09-21T12:10:14,enabled
1590,2026-09-21T12:05:16,enabled
1589,2026-09-21T12:00:36,enabled
1588,2026-09-21T11:55:09,enabled
1587,2026-09-21T11:50:19,enabled
1586,2026-09-21T11:45:13,enabled
1585,2026-09-21T11:40:22,enabled
1584,2026-09-21T11:35:14,enabled
1583,2026-09-21T11:30:48,enabled
1582,2026-09-21T11:25:06,enabled
1581,2026-09-21T11:20:07,enabled
1580,2026-09-21T11:15:16,enabled
1579,2026-09-21T11:10:17,enabled
1578,2026-09-21T11:05:11,enabled
1577,2026-09-21T11:00:08,enabled
1576,2026-09-21T10:55:05,enabled
1575,2026-09-21T10:50:13,enabled
1574,2026-09-21T10:45:15,enabled
1573,2026-09-21T10:40:05,enabled
1572,2026-09-21T10:35:06,enabled
1571,2026-09-21T10:30:13,enabled
1570,2026-09-21T10:25:05,enabled
1569,2026-09-21T10:20:07,enabled
1568,2026-09-21T10:15:09,enabled
1567,2026-09-21T10:10:11,enabled
1566,2026-09-21T10:05:08,enabled
1565,2026-09-21T10:00:19,enabled
1564,2026-09-21T09:55:17,enabled
1563,2026-09-21T09:50:25,enabled
1562,2026-09-21T09:45:27,enabled
1561,2026-09-21T09:40:05,enabled
1560,2026-09-21T09:35:08,enabled
1559,2026-09-21T09:30:45,enabled
1558,2026-09-21T09:25:05,enabled
1557,2026-09-21T09:20:05,enabled
1556,2026-09-21T09:15:05,enabled
1555,2026-09-21T09:10:05,enabled
1554,2026-09-21T09:05:08,enabled
1553,2026-09-21T09:00:05,enabled
1552,2026-09-21T08:55:04,enabled
1551,2026-09-21T08:50:05,enabled
1550,2026-09-21T08:45:06,enabled
1549,2026-09-21T08:40:05,enabled
1548,2026-09-21T08:35:04,enabled
1547,2026-09-21T08:30:04,enabled
1546,2026-09-21T08:25:04,enabled
1545,2026-09-21T08:20:05,enabled
1544,2026-09-21T08:15:05,enabled
1543,2026-09-21T08:10:05,enabled
1542,2026-09-21T08:05:05,enabled
1541,2026-09-21T08:00:26,enabled
1540,2026-09-21T07:55:05,enabled
1539,2026-09-21T07:50:05,enabled
1538,2026-09-21T07:45:07,enabled
1537,2026-09-21T07:40:11,enabled
1536,2026-09-21T07:36:07,enabled
1535,2026-09-21T07:35:07,enabled
1534,2026-09-21T07:30:07,enabled
1533,2026-09-21T01:15:05,enabled
1532,2026-09-21T01:10:10,enabled
1531,2026-09-21T01:05:09,enabled
1530,2026-09-21T01:00:04,enabled
1529,2026-09-21T00:55:04,enabled
1528,2026-09-21T00:50:04,enabled
1527,2026-09-21T00:45:04,enabled
1526,2026-09-21T00:40:04,enabled
1525,2026-09-21T00:35:04,enabled
1524,2026-09-21T00:30:05,enabled
1523,2026-09-21T00:25:04,enabled
1522,2026-09-21T00:20:05,enabled
1521,2026-09-21T00:15:04,enabled
1520,2026-09-21T00:10:05,enabled
1519,2026-09-21T00:05:04,enabled
1518,2026-09-21T00:00:07,enabled
1517,2026-09-20T23:55:03,enabled
1516,2026-09-20T23:50:04,enabled
1515,2026-09-20T23:45:04,enabled
1514,2026-09-20T23:40:18,enabled
1513,2026-09-20T23:35:05,enabled
1512,2026-09-20T23:30:06,enabled
1511,2026-09-20T23:25:14,enabled
1510,2026-09-20T23:22:03,enabled
1509,2026-09-20T23:21:45,enabled
1508,2026-09-20T23:20:41,enabled
1507,2026-09-20T23:20:08,enabled
1506,2026-09-20T23:16:44,enabled
1505,2026-09-20T23:15:41,enabled
1504,2026-09-20T23:15:08,enabled
1503,2026-09-20T23:11:49,enabled
1502,2026-09-20T23:10:46,enabled
1501,2026-09-20T23:10:14,enabled
1500,2026-09-20T23:06:43,enabled
1499,2026-09-20T23:05:40,enabled
1498,2026-09-20T23:05:07,enabled
1497,2026-09-20T23:02:01,enabled
1496,2026-09-20T23:00:58,enabled
1495,2026-09-20T23:00:25,enabled
1494,2026-09-20T22:56:46,enabled
1493,2026-09-20T22:55:43,enabled
1492,2026-09-20T22:55:11,enabled
1491,2026-09-20T22:51:43,enabled
1490,2026-09-20T22:50:39,enabled
1489,2026-09-20T22:50:06,enabled
1488,2026-09-20T22:46:49,enabled
1487,2026-09-20T22:45:47,enabled
1486,2026-09-20T22:45:14,enabled
1485,2026-09-20T22:41:55,enabled
1484,2026-09-20T22:40:53,enabled
1483,2026-09-20T22:40:20,enabled
1482,2026-09-20T22:36:54,enabled
1481,2026-09-20T22:35:51,enabled
1480,2026-09-20T22:35:18,enabled
1479,2026-09-20T22:31:48,enabled
1478,2026-09-20T22:30:46,enabled
1477,2026-09-20T22:30:13,enabled
1476,2026-09-20T22:26:45,enabled
1475,2026-09-20T22:25:43,enabled
1474,2026-09-20T22:25:10,enabled
1473,2026-09-20T22:21:39,enabled
1472,2026-09-20T22:20:37,enabled
1471,2026-09-20T22:20:04,enabled
1470,2026-09-20T22:16:43,enabled
1469,2026-09-20T22:15:40,enabled
1468,2026-09-20T22:15:07,enabled
1467,2026-09-20T22:11:59,enabled
1466,2026-09-20T22:10:56,enabled
1465,2026-09-20T22:10:23,enabled
1464,2026-09-20T22:06:51,enabled
1463,2026-09-20T22:05:48,enabled
1462,2026-09-20T22:05:15,enabled
1461,2026-09-20T22:01:39,enabled
1460,2026-09-20T22:00:36,enabled
1459,2026-09-20T22:00:03,enabled
1458,2026-09-20T21:56:40,enabled
1457,2026-09-20T21:55:37,enabled
1456,2026-09-20T21:55:04,enabled
1455,2026-09-20T21:51:39,enabled
1454,2026-09-20T21:50:36,enabled
1453,2026-09-20T21:50:03,enabled
1452,2026-09-20T21:46:39,enabled
1451,2026-09-20T21:45:36,enabled
1450,2026-09-20T21:45:04,enabled
1449,2026-09-20T21:41:39,enabled
1448,2026-09-20T21:40:36,enabled
1447,2026-09-20T21:40:03,enabled
1446,2026-09-20T21:36:39,enabled
1445,2026-09-20T21:35:36,enabled
1444,2026-09-20T21:35:03,enabled
1443,2026-09-20T21:31:39,enabled
1442,2026-09-20T21:30:36,enabled
1441,2026-09-20T21:30:03,enabled
1440,2026-09-20T21:26:39,enabled
1439,2026-09-20T21:25:37,enabled
1438,2026-09-20T21:25:04,enabled
1437,2026-09-20T21:21:41,enabled
1436,2026-09-20T21:20:38,enabled
1435,2026-09-20T21:20:03,enabled
1434,2026-09-20T21:16:50,enabled
1433,2026-09-20T21:15:47,enabled
1432,2026-09-20T21:15:14,enabled
1431,2026-09-20T21:11:50,enabled
1430,2026-09-20T21:10:47,enabled
1429,2026-09-20T21:10:14,enabled
1428,2026-09-20T21:06:50,enabled
1427,2026-09-20T21:05:48,enabled
1426,2026-09-20T21:05:15,enabled
1425,2026-09-20T21:01:56,enabled
1424,2026-09-20T21:00:53,enabled
1423,2026-09-20T21:00:20,enabled
1422,2026-09-20T20:56:48,enabled
1421,2026-09-20T20:55:45,enabled
1420,2026-09-20T20:55:12,enabled
1419,2026-09-20T20:51:47,enabled
1418,2026-09-20T20:50:44,enabled
1417,2026-09-20T20:50:12,enabled
1416,2026-09-20T20:46:47,enabled
1415,2026-09-20T20:45:42,enabled
1414,2026-09-20T20:45:09,enabled
1413,2026-09-20T20:41:43,enabled
1412,2026-09-20T20:40:40,enabled
1411,2026-09-20T20:40:07,enabled
1410,2026-09-20T20:36:44,enabled
1409,2026-09-20T20:35:42,enabled
1408,2026-09-20T20:35:09,enabled
1407,2026-09-20T20:31:42,enabled
1406,2026-09-20T20:30:39,enabled
1405,2026-09-20T20:30:06,enabled
1404,2026-09-20T20:26:54,enabled
1403,2026-09-20T20:25:52,enabled
1402,2026-09-20T20:25:19,enabled
1401,2026-09-20T20:21:58,enabled
1400,2026-09-20T20:20:55,enabled
1399,2026-09-20T20:20:22,enabled
1398,2026-09-20T20:16:43,enabled
1397,2026-09-20T20:15:40,enabled
1396,2026-09-20T20:15:07,enabled
1395,2026-09-20T20:11:54,enabled
1394,2026-09-20T20:10:51,enabled
1393,2026-09-20T20:10:19,enabled
1392,2026-09-20T20:06:40,enabled
1391,2026-09-20T20:05:37,enabled
1390,2026-09-20T20:05:05,enabled
1389,2026-09-20T20:01:55,enabled
1388,2026-09-20T20:00:52,enabled
1387,2026-09-20T20:00:19,enabled
1386,2026-09-20T19:56:48,enabled
1385,2026-09-20T19:55:46,enabled
1384,2026-09-20T19:55:13,enabled
1383,2026-09-20T19:51:52,enabled
1382,2026-09-20T19:50:49,enabled
1381,2026-09-20T19:50:17,enabled
1380,2026-09-20T19:46:48,enabled
1379,2026-09-20T19:45:45,enabled
1378,2026-09-20T19:45:12,enabled
1377,2026-09-20T19:41:41,enabled
1376,2026-09-20T19:40:38,enabled
1375,2026-09-20T19:40:06,enabled
1374,2026-09-20T19:36:40,enabled
1373,2026-09-20T19:35:37,enabled
1372,2026-09-20T19:35:04,enabled
1371,2026-09-20T19:31:58,enabled
1370,2026-09-20T19:30:55,enabled
1369,2026-09-20T19:30:22,enabled
1368,2026-09-20T19:26:49,enabled
1367,2026-09-20T19:25:46,enabled
1366,2026-09-20T19:25:13,enabled
1365,2026-09-20T19:21:46,enabled
1364,2026-09-20T19:20:44,enabled
1363,2026-09-20T19:20:11,enabled
1362,2026-09-20T19:16:50,enabled
1361,2026-09-20T19:15:47,enabled
1360,2026-09-20T19:15:15,enabled
1359,2026-09-20T19:11:49,enabled
1358,2026-09-20T19:10:46,enabled
1357,2026-09-20T19:10:14,enabled
1356,2026-09-20T19:06:40,enabled
1355,2026-09-20T19:05:37,enabled
1354,2026-09-20T19:05:04,enabled
1353,2026-09-20T19:01:39,enabled
1352,2026-09-20T19:00:36,enabled
1351,2026-09-20T19:00:03,enabled
1350,2026-09-20T18:56:39,enabled
1349,2026-09-20T18:55:36,enabled
1348,2026-09-20T18:55:04,enabled
1347,2026-09-20T18:51:39,enabled
1346,2026-09-20T18:50:36,enabled
1345,2026-09-20T18:50:04,enabled
1344,2026-09-20T18:46:39,enabled
1343,2026-09-20T18:45:37,enabled
1342,2026-09-20T18:45:04,enabled
1341,2026-09-20T18:41:39,enabled
1340,2026-09-20T18:40:36,enabled
1339,2026-09-20T18:40:03,enabled
1338,2026-09-20T18:36:39,enabled
1337,2026-09-20T18:35:36,enabled
1336,2026-09-20T18:35:03,enabled
1335,2026-09-20T18:31:40,enabled
1334,2026-09-20T18:30:37,enabled
1333,2026-09-20T18:30:04,enabled
1332,2026-09-20T18:26:39,enabled
1331,2026-09-20T18:25:36,enabled
1330,2026-09-20T18:25:03,enabled
1329,2026-09-20T18:21:39,enabled
1328,2026-09-20T18:20:37,enabled
1327,2026-09-20T18:20:04,enabled
1326,2026-09-20T18:16:39,enabled
1325,2026-09-20T18:15:37,enabled
1324,2026-09-20T18:15:04,enabled
1323,2026-09-20T18:11:40,enabled
1322,2026-09-20T18:10:37,enabled
1321,2026-09-20T18:10:04,enabled
1320,2026-09-20T18:06:54,enabled
1319,2026-09-20T18:05:51,enabled
1318,2026-09-20T18:05:19,enabled
1317,2026-09-20T18:01:40,enabled
1316,2026-09-20T18:00:37,enabled
1315,2026-09-20T18:00:04,enabled
1314,2026-09-20T17:56:39,enabled
1313,2026-09-20T17:55:36,enabled
1312,2026-09-20T17:55:03,enabled
1311,2026-09-20T17:51:39,enabled
1310,2026-09-20T17:50:36,enabled
1309,2026-09-20T17:50:04,enabled
1308,2026-09-20T17:46:39,enabled
1307,2026-09-20T17:45:36,enabled
1306,2026-09-20T17:45:04,enabled
1305,2026-09-20T17:41:40,enabled
1304,2026-09-20T17:40:37,enabled
1303,2026-09-20T17:40:04,enabled
1302,2026-09-20T17:36:40,enabled
1301,2026-09-20T17:35:37,enabled
1300,2026-09-20T17:35:04,enabled
1299,2026-09-20T17:31:40,enabled
1298,2026-09-20T17:30:37,enabled
1297,2026-09-20T17:30:04,enabled
1296,2026-09-20T17:26:39,enabled
1295,2026-09-20T17:25:36,enabled
1294,2026-09-20T17:25:04,enabled
1293,2026-09-20T17:21:39,enabled
1292,2026-09-20T17:20:36,enabled
1291,2026-09-20T17:20:03,enabled
1290,2026-09-20T17:16:44,enabled
1289,2026-09-20T17:15:41,enabled
1288,2026-09-20T17:15:08,enabled
1287,2026-09-20T17:11:46,enabled
1286,2026-09-20T17:10:43,enabled
1285,2026-09-20T17:10:10,enabled
1284,2026-09-20T17:06:45,enabled
1283,2026-09-20T17:05:42,enabled
1282,2026-09-20T17:05:09,enabled
1281,2026-09-20T17:01:40,enabled
1280,2026-09-20T17:00:37,enabled
1279,2026-09-20T17:00:04,enabled
1278,2026-09-20T16:56:39,enabled
1277,2026-09-20T16:55:36,enabled
1276,2026-09-20T16:55:04,enabled
1275,2026-09-20T16:51:38,enabled
1274,2026-09-20T16:50:35,enabled
1273,2026-09-20T16:50:03,enabled
1272,2026-09-20T16:46:38,enabled
1271,2026-09-20T16:45:36,enabled
1270,2026-09-20T16:45:03,enabled
1269,2026-09-20T16:41:39,enabled
1268,2026-09-20T16:40:36,enabled
1267,2026-09-20T16:40:03,enabled
1266,2026-09-20T16:36:39,enabled
1265,2026-09-20T16:35:36,enabled
1264,2026-09-20T16:35:03,enabled
1263,2026-09-20T16:31:39,enabled
1262,2026-09-20T16:30:36,enabled
1261,2026-09-20T16:30:03,enabled
1260,2026-09-20T16:26:39,enabled
1259,2026-09-20T16:25:37,enabled
1258,2026-09-20T16:25:03,enabled
1257,2026-09-20T16:21:41,enabled
1256,2026-09-20T16:20:38,enabled
1255,2026-09-20T16:20:05,enabled
1254,2026-09-20T16:16:39,enabled
1253,2026-09-20T16:15:36,enabled
1252,2026-09-20T16:15:03,enabled
1251,2026-09-20T16:11:39,enabled
1250,2026-09-20T16:10:36,enabled
1249,2026-09-20T16:10:04,enabled
1248,2026-09-20T16:06:39,enabled
1247,2026-09-20T16:05:36,enabled
1246,2026-09-20T16:05:03,enabled
1245,2026-09-20T16:01:39,enabled
1244,2026-09-20T16:00:36,enabled
1243,2026-09-20T16:00:03,enabled
1242,2026-09-20T15:56:39,enabled
1241,2026-09-20T15:55:36,enabled
1240,2026-09-20T15:55:03,enabled
1239,2026-09-20T15:51:40,enabled
1238,2026-09-20T15:50:37,enabled
1237,2026-09-20T15:50:04,enabled
1236,2026-09-20T15:46:39,enabled
1235,2026-09-20T15:45:37,enabled
1234,2026-09-20T15:45:04,enabled
1233,2026-09-20T15:41:39,enabled
1232,2026-09-20T15:40:36,enabled
1231,2026-09-20T15:40:03,enabled
1230,2026-09-20T15:36:39,enabled
1229,2026-09-20T15:35:36,enabled
1228,2026-09-20T15:35:03,enabled
1227,2026-09-20T15:31:40,enabled
1226,2026-09-20T15:30:37,enabled
1225,2026-09-20T15:30:04,enabled
1224,2026-09-20T15:26:39,enabled
1223,2026-09-20T15:25:36,enabled
1222,2026-09-20T15:25:03,enabled
1221,2026-09-20T15:21:39,enabled
1220,2026-09-20T15:20:36,enabled
1219,2026-09-20T15:20:03,enabled
1218,2026-09-20T15:16:59,enabled
1217,2026-09-20T15:15:56,enabled
1216,2026-09-20T15:15:24,enabled
1215,2026-09-20T15:11:51,enabled
1214,2026-09-20T15:10:48,enabled
1213,2026-09-20T15:10:15,enabled
1212,2026-09-20T15:06:49,enabled
1211,2026-09-20T15:05:46,enabled
1210,2026-09-20T15:05:12,enabled
1209,2026-09-20T15:01:39,enabled
1208,2026-09-20T15:00:36,enabled
1207,2026-09-20T15:00:04,enabled
1206,2026-09-20T14:56:39,enabled
1205,2026-09-20T14:55:37,enabled
1204,2026-09-20T14:55:04,enabled
1203,2026-09-20T14:51:39,enabled
1202,2026-09-20T14:50:36,enabled
1201,2026-09-20T14:50:04,enabled
1200,2026-09-20T14:46:39,enabled
1199,2026-09-20T14:45:37,enabled
1198,2026-09-20T14:45:04,enabled
1197,2026-09-20T14:41:39,enabled
1196,2026-09-20T14:40:36,enabled
1195,2026-09-20T14:40:04,enabled
1194,2026-09-20T14:36:39,enabled
1193,2026-09-20T14:35:36,enabled
1192,2026-09-20T14:35:04,enabled
1191,2026-09-20T14:31:39,enabled
1190,2026-09-20T14:30:36,enabled
1189,2026-09-20T14:30:03,enabled
1188,2026-09-20T14:26:39,enabled
1187,2026-09-20T14:25:36,enabled
1186,2026-09-20T14:25:03,enabled
1185,2026-09-20T14:21:39,enabled
1184,2026-09-20T14:20:37,enabled
1183,2026-09-20T14:20:04,enabled
1182,2026-09-20T14:16:39,enabled
1181,2026-09-20T14:15:37,enabled
1180,2026-09-20T14:15:04,enabled
1179,2026-09-20T14:11:41,enabled
1178,2026-09-20T14:10:38,enabled
1177,2026-09-20T14:10:05,enabled
1176,2026-09-20T14:06:43,enabled
1175,2026-09-20T14:05:40,enabled
1174,2026-09-20T14:05:07,enabled
1173,2026-09-20T14:01:51,enabled
1172,2026-09-20T14:00:48,enabled
1171,2026-09-20T14:00:15,enabled
1170,2026-09-20T13:56:41,enabled
1169,2026-09-20T13:55:38,enabled
1168,2026-09-20T13:55:06,enabled
1167,2026-09-20T13:51:57,enabled
1166,2026-09-20T13:50:54,enabled
1165,2026-09-20T13:50:21,enabled
1164,2026-09-20T13:46:47,enabled
1163,2026-09-20T13:45:44,enabled
1162,2026-09-20T13:45:11,enabled
1161,2026-09-20T13:41:55,enabled
1160,2026-09-20T13:40:52,enabled
1159,2026-09-20T13:40:19,enabled
1158,2026-09-20T13:36:46,enabled
1157,2026-09-20T13:35:43,enabled
1156,2026-09-20T13:35:10,enabled
1155,2026-09-20T13:32:03,enabled
1154,2026-09-20T13:31:00,enabled
1153,2026-09-20T13:30:27,enabled
1152,2026-09-20T13:26:40,enabled
1151,2026-09-20T13:25:37,enabled
1150,2026-09-20T13:25:04,enabled
1149,2026-09-20T13:21:44,enabled
1148,2026-09-20T13:20:42,enabled
1147,2026-09-20T13:20:09,enabled
1146,2026-09-20T13:16:44,enabled
1145,2026-09-20T13:15:41,enabled
1144,2026-09-20T13:15:09,enabled
1143,2026-09-20T13:11:56,enabled
1142,2026-09-20T13:10:53,enabled
1141,2026-09-20T13:10:20,enabled
1140,2026-09-20T13:06:48,enabled
1139,2026-09-20T13:05:45,enabled
1138,2026-09-20T13:05:13,enabled
1137,2026-09-20T13:01:40,enabled
1136,2026-09-20T13:00:37,enabled
1135,2026-09-20T13:00:04,enabled
1134,2026-09-20T12:56:39,enabled
1133,2026-09-20T12:55:36,enabled
1132,2026-09-20T12:55:04,enabled
1131,2026-09-20T12:51:40,enabled
1130,2026-09-20T12:50:37,enabled
1129,2026-09-20T12:50:04,enabled
1128,2026-09-20T12:46:39,enabled
1127,2026-09-20T12:45:36,enabled
1126,2026-09-20T12:45:03,enabled
1125,2026-09-20T12:41:39,enabled
1124,2026-09-20T12:40:36,enabled
1123,2026-09-20T12:40:03,enabled
1122,2026-09-20T12:36:39,enabled
1121,2026-09-20T12:35:36,enabled
1120,2026-09-20T12:35:04,enabled
1119,2026-09-20T12:31:39,enabled
1118,2026-09-20T12:30:36,enabled
1117,2026-09-20T12:30:04,enabled
1116,2026-09-20T12:26:39,enabled
1115,2026-09-20T12:25:36,enabled
1114,2026-09-20T12:25:03,enabled
1113,2026-09-20T12:21:39,enabled
1112,2026-09-20T12:20:36,enabled
1111,2026-09-20T12:20:03,enabled
1110,2026-09-20T12:16:39,enabled
1109,2026-09-20T12:15:36,enabled
1108,2026-09-20T12:15:04,enabled
1107,2026-09-20T12:11:39,enabled
1106,2026-09-20T12:10:36,enabled
1105,2026-09-20T12:10:03,enabled
1104,2026-09-20T12:06:39,enabled
1103,2026-09-20T12:05:36,enabled
1102,2026-09-20T12:05:03,enabled
1101,2026-09-20T12:01:41,enabled
1100,2026-09-20T12:00:37,enabled
1099,2026-09-20T12:00:04,enabled
1098,2026-09-20T11:56:39,enabled
1097,2026-09-20T11:55:37,enabled
1096,2026-09-20T11:55:04,enabled
1095,2026-09-20T11:51:39,enabled
1094,2026-09-20T11:50:36,enabled
1093,2026-09-20T11:50:03,enabled
1092,2026-09-20T11:46:39,enabled
1091,2026-09-20T11:45:36,enabled
1090,2026-09-20T11:45:04,enabled
1089,2026-09-20T11:41:39,enabled
1088,2026-09-20T11:40:36,enabled
1087,2026-09-20T11:40:03,enabled
1086,2026-09-20T11:36:39,enabled
1085,2026-09-20T11:35:36,enabled
1084,2026-09-20T11:35:03,enabled
1083,2026-09-20T11:31:39,enabled
1082,2026-09-20T11:30:36,enabled
1081,2026-09-20T11:30:04,enabled
1080,2026-09-20T11:26:40,enabled
1079,2026-09-20T11:25:37,enabled
1078,2026-09-20T11:25:04,enabled
1077,2026-09-20T11:21:39,enabled
1076,2026-09-20T11:20:36,enabled
1075,2026-09-20T11:20:03,enabled
1074,2026-09-20T11:16:43,enabled
1073,2026-09-20T11:15:37,enabled
1072,2026-09-20T11:15:05,enabled
1071,2026-09-20T11:11:41,enabled
1070,2026-09-20T11:10:39,enabled
1069,2026-09-20T11:10:06,enabled
1068,2026-09-20T11:06:44,enabled
1067,2026-09-20T11:05:41,enabled
1066,2026-09-20T11:05:08,enabled
1065,2026-09-20T11:01:51,enabled
1064,2026-09-20T11:00:48,enabled
1063,2026-09-20T11:00:15,enabled
1062,2026-09-20T10:56:48,enabled
1061,2026-09-20T10:55:45,enabled
1060,2026-09-20T10:55:12,enabled
1059,2026-09-20T10:51:41,enabled
1058,2026-09-20T10:50:38,enabled
1057,2026-09-20T10:50:05,enabled
1056,2026-09-20T10:46:57,enabled
1055,2026-09-20T10:45:54,enabled
1054,2026-09-20T10:45:22,enabled
1053,2026-09-20T10:41:49,enabled
1052,2026-09-20T10:40:46,enabled
1051,2026-09-20T10:40:14,enabled
1050,2026-09-20T10:36:46,enabled
1049,2026-09-20T10:35:43,enabled
1048,2026-09-20T10:35:10,enabled
1047,2026-09-20T10:31:54,enabled
1046,2026-09-20T10:30:51,enabled
1045,2026-09-20T10:30:18,enabled
1044,2026-09-20T10:26:41,enabled
1043,2026-09-20T10:25:38,enabled
1042,2026-09-20T10:25:05,enabled
1041,2026-09-20T10:21:46,enabled
1040,2026-09-20T10:20:44,enabled
1039,2026-09-20T10:20:11,enabled
1038,2026-09-20T10:16:55,enabled
1037,2026-09-20T10:15:52,enabled
1036,2026-09-20T10:15:19,enabled
1035,2026-09-20T10:11:54,enabled
1034,2026-09-20T10:10:51,enabled
1033,2026-09-20T10:10:19,enabled
1032,2026-09-20T10:06:44,enabled
1031,2026-09-20T10:05:41,enabled
1030,2026-09-20T10:05:08,enabled
1029,2026-09-20T10:01:41,enabled
1028,2026-09-20T10:00:38,enabled
1027,2026-09-20T10:00:05,enabled
1026,2026-09-20T09:56:41,enabled
1025,2026-09-20T09:55:37,enabled
1024,2026-09-20T09:55:04,enabled
1023,2026-09-20T09:51:52,enabled
1022,2026-09-20T09:50:49,enabled
1021,2026-09-20T09:50:16,enabled
1020,2026-09-20T09:46:43,enabled
1019,2026-09-20T09:45:40,enabled
1018,2026-09-20T09:45:07,enabled
1017,2026-09-20T09:41:50,enabled
1016,2026-09-20T09:40:47,enabled
1015,2026-09-20T09:40:14,enabled
1014,2026-09-20T09:36:51,enabled
1013,2026-09-20T09:35:48,enabled
1012,2026-09-20T09:35:16,enabled
1011,2026-09-20T09:31:54,enabled
1010,2026-09-20T09:30:51,enabled
1009,2026-09-20T09:30:19,enabled
1008,2026-09-20T09:26:41,enabled
1007,2026-09-20T09:25:38,enabled
1006,2026-09-20T09:25:05,enabled
1005,2026-09-20T09:21:51,enabled
1004,2026-09-20T09:20:47,enabled
1003,2026-09-20T09:20:14,enabled
1002,2026-09-20T09:16:47,enabled
1001,2026-09-20T09:15:44,enabled
1000,2026-09-20T09:15:11,enabled
999,2026-09-20T09:11:47,enabled
998,2026-09-20T09:10:44,enabled
997,2026-09-20T09:10:11,enabled
996,2026-09-20T09:06:52,enabled
995,2026-09-20T09:05:49,enabled
994,2026-09-20T09:05:16,enabled
993,2026-09-20T09:01:41,enabled
992,2026-09-20T09:00:37,enabled
991,2026-09-20T09:00:04,enabled
990,2026-09-20T08:56:39,enabled
989,2026-09-20T08:55:36,enabled
988,2026-09-20T08:55:04,enabled
987,2026-09-20T08:51:40,enabled
986,2026-09-20T08:50:37,enabled
985,2026-09-20T08:50:04,enabled
984,2026-09-20T08:46:39,enabled
983,2026-09-20T08:45:36,enabled
982,2026-09-20T08:45:04,enabled
981,2026-09-20T08:41:39,enabled
980,2026-09-20T08:40:36,enabled
979,2026-09-20T08:40:03,enabled
978,2026-09-20T08:36:39,enabled
977,2026-09-20T08:35:36,enabled
976,2026-09-20T08:35:03,enabled
975,2026-09-20T08:31:39,enabled
974,2026-09-20T08:30:36,enabled
973,2026-09-20T08:30:04,enabled
972,2026-09-20T08:26:40,enabled
971,2026-09-20T08:25:37,enabled
970,2026-09-20T08:25:04,enabled
969,2026-09-20T08:21:38,enabled
968,2026-09-20T08:20:36,enabled
967,2026-09-20T08:20:03,enabled
966,2026-09-20T08:16:39,enabled
965,2026-09-20T08:15:36,enabled
964,2026-09-20T08:15:04,enabled
963,2026-09-20T08:11:40,enabled
962,2026-09-20T08:10:37,enabled
961,2026-09-20T08:10:04,enabled
960,2026-09-20T08:06:40,enabled
959,2026-09-20T08:05:37,enabled
958,2026-09-20T08:05:04,enabled
957,2026-09-20T08:01:39,enabled
956,2026-09-20T08:00:36,enabled
955,2026-09-20T08:00:03,enabled
954,2026-09-20T07:56:39,enabled
953,2026-09-20T07:55:36,enabled
952,2026-09-20T07:55:03,enabled
951,2026-09-20T07:51:39,enabled
950,2026-09-20T07:50:36,enabled
949,2026-09-20T07:50:03,enabled
948,2026-09-20T07:46:39,enabled
947,2026-09-20T07:45:36,enabled
946,2026-09-20T07:45:03,enabled
945,2026-09-20T07:41:39,enabled
944,2026-09-20T07:40:36,enabled
943,2026-09-20T07:40:03,enabled
942,2026-09-20T07:36:39,enabled
941,2026-09-20T07:35:36,enabled
940,2026-09-20T07:35:03,enabled
939,2026-09-20T07:31:40,enabled
938,2026-09-20T07:30:37,enabled
937,2026-09-20T07:30:04,enabled
936,2026-09-20T07:26:42,enabled
935,2026-09-20T07:25:40,enabled
934,2026-09-20T07:25:07,enabled
933,2026-09-20T07:21:40,enabled
932,2026-09-20T07:20:37,enabled
931,2026-09-20T07:20:04,enabled
930,2026-09-20T07:16:41,enabled
929,2026-09-20T07:15:38,enabled
928,2026-09-20T07:15:05,enabled
927,2026-09-20T07:11:49,enabled
926,2026-09-20T07:10:46,enabled
925,2026-09-20T07:10:13,enabled
924,2026-09-20T07:06:44,enabled
923,2026-09-20T07:05:41,enabled
922,2026-09-20T07:05:08,enabled
921,2026-09-20T07:02:07,enabled
920,2026-09-20T07:01:04,enabled
919,2026-09-20T07:00:31,enabled
918,2026-09-20T06:56:53,enabled
917,2026-09-20T06:55:51,enabled
916,2026-09-20T06:55:18,enabled
915,2026-09-20T06:51:40,enabled
914,2026-09-20T06:50:37,enabled
913,2026-09-20T06:50:04,enabled
912,2026-09-20T06:46:45,enabled
911,2026-09-20T06:45:43,enabled
910,2026-09-20T06:45:10,enabled
909,2026-09-20T06:42:01,enabled
908,2026-09-20T06:40:58,enabled
907,2026-09-20T06:40:25,enabled
906,2026-09-20T06:36:44,enabled
905,2026-09-20T06:35:41,enabled
904,2026-09-20T06:35:08,enabled
903,2026-09-20T06:31:53,enabled
902,2026-09-20T06:30:50,enabled
901,2026-09-20T06:30:18,enabled
900,2026-09-20T06:26:40,enabled
899,2026-09-20T06:25:37,enabled
898,2026-09-20T06:25:04,enabled
897,2026-09-20T06:21:50,enabled
896,2026-09-20T06:20:46,enabled
895,2026-09-20T06:20:13,enabled
894,2026-09-20T06:16:45,enabled
893,2026-09-20T06:15:42,enabled
892,2026-09-20T06:15:07,enabled
891,2026-09-20T06:11:42,enabled
890,2026-09-20T06:10:39,enabled
889,2026-09-20T06:10:06,enabled
888,2026-09-20T06:06:50,enabled
887,2026-09-20T06:05:47,enabled
886,2026-09-20T06:05:14,enabled
885,2026-09-20T06:01:40,enabled
884,2026-09-20T06:00:37,enabled
883,2026-09-20T06:00:04,enabled
882,2026-09-20T05:56:39,enabled
881,2026-09-20T05:55:36,enabled
880,2026-09-20T05:55:04,enabled
879,2026-09-20T05:51:40,enabled
878,2026-09-20T05:50:37,enabled
877,2026-09-20T05:50:04,enabled
876,2026-09-20T05:46:39,enabled
875,2026-09-20T05:45:36,enabled
874,2026-09-20T05:45:04,enabled
873,2026-09-20T05:41:39,enabled
872,2026-09-20T05:40:36,enabled
871,2026-09-20T05:40:04,enabled
870,2026-09-20T05:36:39,enabled
869,2026-09-20T05:35:36,enabled
868,2026-09-20T05:35:03,enabled
867,2026-09-20T05:31:39,enabled
866,2026-09-20T05:30:36,enabled
865,2026-09-20T05:30:03,enabled
864,2026-09-20T05:26:39,enabled
863,2026-09-20T05:25:36,enabled
862,2026-09-20T05:25:04,enabled
861,2026-09-20T05:21:39,enabled
860,2026-09-20T05:20:36,enabled
859,2026-09-20T05:20:03,enabled
858,2026-09-20T05:16:39,enabled
857,2026-09-20T05:15:36,enabled
856,2026-09-20T05:15:03,enabled
855,2026-09-20T05:11:39,enabled
854,2026-09-20T05:10:36,enabled
853,2026-09-20T05:10:04,enabled
852,2026-09-20T05:06:40,enabled
851,2026-09-20T05:05:37,enabled
850,2026-09-20T05:05:04,enabled
849,2026-09-20T05:01:40,enabled
848,2026-09-20T05:00:37,enabled
847,2026-09-20T05:00:04,enabled
846,2026-09-20T04:56:39,enabled
845,2026-09-20T04:55:37,enabled
844,2026-09-20T04:55:03,enabled
843,2026-09-20T04:51:39,enabled
842,2026-09-20T04:50:37,enabled
841,2026-09-20T04:50:04,enabled
840,2026-09-20T04:46:39,enabled
839,2026-09-20T04:45:36,enabled
838,2026-09-20T04:45:04,enabled
837,2026-09-20T04:41:39,enabled
836,2026-09-20T04:40:36,enabled
835,2026-09-20T04:40:04,enabled
834,2026-09-20T04:36:39,enabled
833,2026-09-20T04:35:36,enabled
832,2026-09-20T04:35:03,enabled
831,2026-09-20T04:31:39,enabled
830,2026-09-20T04:30:36,enabled
829,2026-09-20T04:30:04,enabled
828,2026-09-20T04:26:42,enabled
827,2026-09-20T04:25:39,enabled
826,2026-09-20T04:25:06,enabled
825,2026-09-20T04:21:40,enabled
824,2026-09-20T04:20:37,enabled
823,2026-09-20T04:20:04,enabled
822,2026-09-20T04:16:48,enabled
821,2026-09-20T04:15:46,enabled
820,2026-09-20T04:15:13,enabled
819,2026-09-20T04:11:41,enabled
818,2026-09-20T04:10:38,enabled
817,2026-09-20T04:10:05,enabled
816,2026-09-20T04:06:55,enabled
815,2026-09-20T04:05:52,enabled
814,2026-09-20T04:05:19,enabled
813,2026-09-20T04:02:12,enabled
812,2026-09-20T04:01:09,enabled
811,2026-09-20T04:00:36,enabled
810,2026-09-20T03:56:46,enabled
809,2026-09-20T03:55:43,enabled
808,2026-09-20T03:55:10,enabled
807,2026-09-20T03:51:50,enabled
806,2026-09-20T03:50:47,enabled
805,2026-09-20T03:50:14,enabled
804,2026-09-20T03:46:49,enabled
803,2026-09-20T03:45:46,enabled
802,2026-09-20T03:45:13,enabled
801,2026-09-20T03:41:47,enabled
800,2026-09-20T03:40:44,enabled
799,2026-09-20T03:40:12,enabled
798,2026-09-20T03:36:41,enabled
797,2026-09-20T03:35:38,enabled
796,2026-09-20T03:35:05,enabled
795,2026-09-20T03:31:41,enabled
794,2026-09-20T03:30:37,enabled
793,2026-09-20T03:30:04,enabled
792,2026-09-20T03:26:49,enabled
791,2026-09-20T03:25:47,enabled
790,2026-09-20T03:25:14,enabled
789,2026-09-20T03:21:44,enabled
788,2026-09-20T03:20:41,enabled
787,2026-09-20T03:20:08,enabled
786,2026-09-20T03:16:42,enabled
785,2026-09-20T03:15:39,enabled
784,2026-09-20T03:15:06,enabled
783,2026-09-20T03:11:41,enabled
782,2026-09-20T03:10:38,enabled
781,2026-09-20T03:10:05,enabled
780,2026-09-20T03:06:41,enabled
779,2026-09-20T03:05:38,enabled
778,2026-09-20T03:05:05,enabled
777,2026-09-20T03:01:44,enabled
776,2026-09-20T03:00:41,enabled
775,2026-09-20T03:00:08,enabled
774,2026-09-20T02:56:42,enabled
773,2026-09-20T02:55:39,enabled
772,2026-09-20T02:55:06,enabled
771,2026-09-20T02:51:43,enabled
770,2026-09-20T02:50:40,enabled
769,2026-09-20T02:50:07,enabled
768,2026-09-20T02:46:43,enabled
767,2026-09-20T02:45:41,enabled
766,2026-09-20T02:45:08,enabled
765,2026-09-20T02:41:41,enabled
764,2026-09-20T02:40:38,enabled
763,2026-09-20T02:40:05,enabled
762,2026-09-20T02:36:39,enabled
761,2026-09-20T02:35:37,enabled
760,2026-09-20T02:35:04,enabled
759,2026-09-20T02:31:52,enabled
758,2026-09-20T02:30:49,enabled
757,2026-09-20T02:30:16,enabled
756,2026-09-20T02:26:43,enabled
755,2026-09-20T02:25:40,enabled
754,2026-09-20T02:25:07,enabled
753,2026-09-20T02:21:40,enabled
752,2026-09-20T02:20:37,enabled
751,2026-09-20T02:20:04,enabled
750,2026-09-20T02:16:45,enabled
749,2026-09-20T02:15:42,enabled
748,2026-09-20T02:15:09,enabled
747,2026-09-20T02:11:42,enabled
746,2026-09-20T02:10:39,enabled
745,2026-09-20T02:10:06,enabled
744,2026-09-20T02:06:40,enabled
743,2026-09-20T02:05:37,enabled
742,2026-09-20T02:05:04,enabled
741,2026-09-20T02:01:39,enabled
740,2026-09-20T02:00:36,enabled
739,2026-09-20T02:00:04,enabled
738,2026-09-20T01:56:39,enabled
737,2026-09-20T01:55:36,enabled
736,2026-09-20T01:55:03,enabled
735,2026-09-20T01:51:39,enabled
734,2026-09-20T01:50:36,enabled
733,2026-09-20T01:50:03,enabled
732,2026-09-20T01:46:40,enabled
731,2026-09-20T01:45:37,enabled
730,2026-09-20T01:45:04,enabled
729,2026-09-20T01:41:38,enabled
728,2026-09-20T01:40:35,enabled
727,2026-09-20T01:40:03,enabled
726,2026-09-20T01:36:39,enabled
725,2026-09-20T01:35:36,enabled
724,2026-09-20T01:35:03,enabled
723,2026-09-20T01:31:45,enabled
722,2026-09-20T01:30:42,enabled
721,2026-09-20T01:30:09,enabled
720,2026-09-20T01:26:40,enabled
719,2026-09-20T01:25:37,enabled
718,2026-09-20T01:25:04,enabled
717,2026-09-20T01:21:40,enabled
716,2026-09-20T01:20:37,enabled
715,2026-09-20T01:20:04,enabled
714,2026-09-20T01:16:43,enabled
713,2026-09-20T01:15:40,enabled
712,2026-09-20T01:15:05,enabled
711,2026-09-20T01:11:44,enabled
710,2026-09-20T01:10:41,enabled
709,2026-09-20T01:10:08,enabled
708,2026-09-20T01:06:42,enabled
707,2026-09-20T01:05:39,enabled
706,2026-09-20T01:05:06,enabled
705,2026-09-20T01:01:44,enabled
704,2026-09-20T01:00:41,enabled
703,2026-09-20T01:00:08,enabled
702,2026-09-20T00:56:41,enabled
701,2026-09-20T00:55:38,enabled
700,2026-09-20T00:55:05,enabled
699,2026-09-20T00:51:49,enabled
698,2026-09-20T00:50:47,enabled
697,2026-09-20T00:50:14,enabled
696,2026-09-20T00:46:42,enabled
695,2026-09-20T00:45:39,enabled
694,2026-09-20T00:45:07,enabled
693,2026-09-20T00:41:45,enabled
692,2026-09-20T00:40:42,enabled
691,2026-09-20T00:40:09,enabled
690,2026-09-20T00:36:42,enabled
689,2026-09-20T00:35:39,enabled
688,2026-09-20T00:35:06,enabled
687,2026-09-20T00:31:53,enabled
686,2026-09-20T00:30:50,enabled
685,2026-09-20T00:30:17,enabled
684,2026-09-20T00:26:40,enabled
683,2026-09-20T00:25:37,enabled
682,2026-09-20T00:25:04,enabled
681,2026-09-20T00:21:40,enabled
680,2026-09-20T00:20:37,enabled
679,2026-09-20T00:20:04,enabled
678,2026-09-20T00:16:44,enabled
677,2026-09-20T00:15:42,enabled
676,2026-09-20T00:15:09,enabled
675,2026-09-20T00:11:40,enabled
674,2026-09-20T00:10:38,enabled
673,2026-09-20T00:10:05,enabled
672,2026-09-20T00:06:55,enabled
671,2026-09-20T00:05:52,enabled
670,2026-09-20T00:05:19,enabled
669,2026-09-20T00:01:40,enabled
668,2026-09-20T00:00:37,enabled
667,2026-09-20T00:00:04,enabled
666,2026-09-19T23:56:39,enabled
665,2026-09-19T23:55:36,enabled
664,2026-09-19T23:55:03,enabled
663,2026-09-19T23:51:39,enabled
662,2026-09-19T23:50:36,enabled
661,2026-09-19T23:50:03,enabled
660,2026-09-19T23:46:39,enabled
659,2026-09-19T23:45:36,enabled
658,2026-09-19T23:45:03,enabled
657,2026-09-19T23:41:40,enabled
656,2026-09-19T23:40:37,enabled
655,2026-09-19T23:40:04,enabled
654,2026-09-19T23:36:40,enabled
653,2026-09-19T23:35:37,enabled
652,2026-09-19T23:35:04,enabled
651,2026-09-19T23:31:39,enabled
650,2026-09-19T23:30:36,enabled
649,2026-09-19T23:30:03,enabled
648,2026-09-19T23:26:39,enabled
647,2026-09-19T23:25:37,enabled
646,2026-09-19T23:25:04,enabled
645,2026-09-19T23:21:39,enabled
644,2026-09-19T23:20:36,enabled
643,2026-09-19T23:20:03,enabled
642,2026-09-19T23:16:39,enabled
641,2026-09-19T23:15:36,enabled
640,2026-09-19T23:15:03,enabled
639,2026-09-19T23:11:40,enabled
638,2026-09-19T23:10:37,enabled
637,2026-09-19T23:10:04,enabled
636,2026-09-19T23:06:39,enabled
635,2026-09-19T23:05:36,enabled
634,2026-09-19T23:05:04,enabled
633,2026-09-19T23:01:39,enabled
632,2026-09-19T23:00:36,enabled
631,2026-09-19T23:00:03,enabled
630,2026-09-19T22:56:39,enabled
629,2026-09-19T22:55:36,enabled
628,2026-09-19T22:55:03,enabled
627,2026-09-19T22:51:39,enabled
626,2026-09-19T22:50:36,enabled
625,2026-09-19T22:50:03,enabled
624,2026-09-19T22:46:39,enabled
623,2026-09-19T22:45:36,enabled
622,2026-09-19T22:45:03,enabled
621,2026-09-19T22:41:39,enabled
620,2026-09-19T22:40:36,enabled
619,2026-09-19T22:40:03,enabled
618,2026-09-19T22:36:39,enabled
617,2026-09-19T22:35:36,enabled
616,2026-09-19T22:35:03,enabled
615,2026-09-19T22:31:38,enabled
614,2026-09-19T22:30:36,enabled
613,2026-09-19T22:30:03,enabled
612,2026-09-19T22:26:39,enabled
611,2026-09-19T22:25:36,enabled
610,2026-09-19T22:25:04,enabled
609,2026-09-19T22:21:39,enabled
608,2026-09-19T22:20:36,enabled
607,2026-09-19T22:20:03,enabled
606,2026-09-19T22:16:39,enabled
605,2026-09-19T22:15:36,enabled
604,2026-09-19T22:15:03,enabled
603,2026-09-19T22:11:39,enabled
602,2026-09-19T22:10:36,enabled
601,2026-09-19T22:10:03,enabled
600,2026-09-19T22:06:39,enabled
599,2026-09-19T22:05:36,enabled
598,2026-09-19T22:05:04,enabled
597,2026-09-19T22:01:40,enabled
596,2026-09-19T22:00:37,enabled
595,2026-09-19T22:00:04,enabled
594,2026-09-19T21:56:39,enabled
593,2026-09-19T21:55:37,enabled
592,2026-09-19T21:55:03,enabled
591,2026-09-19T21:51:39,enabled
590,2026-09-19T21:50:36,enabled
589,2026-09-19T21:50:04,enabled
588,2026-09-19T21:46:40,enabled
587,2026-09-19T21:45:38,enabled
586,2026-09-19T21:45:05,enabled
585,2026-09-19T21:41:39,enabled
584,2026-09-19T21:40:36,enabled
583,2026-09-19T21:40:03,enabled
582,2026-09-19T21:36:39,enabled
581,2026-09-19T21:35:36,enabled
580,2026-09-19T21:35:03,enabled
579,2026-09-19T21:31:39,enabled
578,2026-09-19T21:30:36,enabled
577,2026-09-19T21:30:03,enabled
576,2026-09-19T21:26:39,enabled
575,2026-09-19T21:25:36,enabled
574,2026-09-19T21:25:03,enabled
573,2026-09-19T21:21:39,enabled
572,2026-09-19T21:20:36,enabled
571,2026-09-19T21:20:04,enabled
570,2026-09-19T21:16:39,enabled
569,2026-09-19T21:15:37,enabled
568,2026-09-19T21:15:04,enabled
567,2026-09-19T21:11:38,enabled
566,2026-09-19T21:10:35,enabled
565,2026-09-19T21:10:03,enabled
564,2026-09-19T21:06:43,enabled
563,2026-09-19T21:05:41,enabled
562,2026-09-19T21:05:08,enabled
561,2026-09-19T21:01:55,enabled
560,2026-09-19T21:00:52,enabled
559,2026-09-19T21:00:19,enabled
558,2026-09-19T20:56:40,enabled
557,2026-09-19T20:55:37,enabled
556,2026-09-19T20:55:05,enabled
555,2026-09-19T20:51:41,enabled
554,2026-09-19T20:50:38,enabled
553,2026-09-19T20:50:05,enabled
552,2026-09-19T20:46:52,enabled
551,2026-09-19T20:45:50,enabled
550,2026-09-19T20:45:17,enabled
549,2026-09-19T20:41:39,enabled
548,2026-09-19T20:40:36,enabled
547,2026-09-19T20:40:03,enabled
546,2026-09-19T20:36:41,enabled
545,2026-09-19T20:35:38,enabled
544,2026-09-19T20:35:05,enabled
543,2026-09-19T20:31:52,enabled
542,2026-09-19T20:30:49,enabled
541,2026-09-19T20:30:17,enabled
540,2026-09-19T20:26:45,enabled
539,2026-09-19T20:25:43,enabled
538,2026-09-19T20:25:10,enabled
537,2026-09-19T20:21:50,enabled
536,2026-09-19T20:20:47,enabled
535,2026-09-19T20:20:13,enabled
534,2026-09-19T20:16:54,enabled
533,2026-09-19T20:15:52,enabled
532,2026-09-19T20:15:19,enabled
531,2026-09-19T20:11:46,enabled
530,2026-09-19T20:10:43,enabled
529,2026-09-19T20:10:10,enabled
528,2026-09-19T20:06:40,enabled
527,2026-09-19T20:05:37,enabled
526,2026-09-19T20:05:04,enabled
525,2026-09-19T20:01:39,enabled
524,2026-09-19T20:00:36,enabled
523,2026-09-19T20:00:03,enabled
522,2026-09-19T19:56:38,enabled
521,2026-09-19T19:55:36,enabled
520,2026-09-19T19:55:03,enabled
519,2026-09-19T19:51:39,enabled
518,2026-09-19T19:50:37,enabled
517,2026-09-19T19:50:04,enabled
516,2026-09-19T19:46:40,enabled
515,2026-09-19T19:45:37,enabled
514,2026-09-19T19:45:04,enabled
513,2026-09-19T19:41:40,enabled
512,2026-09-19T19:40:37,enabled
511,2026-09-19T19:40:04,enabled
510,2026-09-19T19:36:39,enabled
509,2026-09-19T19:35:36,enabled
508,2026-09-19T19:35:03,enabled
507,2026-09-19T19:31:42,enabled
506,2026-09-19T19:30:39,enabled
505,2026-09-19T19:30:06,enabled
504,2026-09-19T19:26:44,enabled
503,2026-09-19T19:25:41,enabled
502,2026-09-19T19:25:08,enabled
501,2026-09-19T19:21:42,enabled
500,2026-09-19T19:20:39,enabled
499,2026-09-19T19:20:07,enabled
498,2026-09-19T19:16:40,enabled
497,2026-09-19T19:15:37,enabled
496,2026-09-19T19:15:04,enabled
495,2026-09-19T19:11:44,enabled
494,2026-09-19T19:10:41,enabled
493,2026-09-19T19:10:08,enabled
492,2026-09-19T19:06:40,enabled
491,2026-09-19T19:05:37,enabled
490,2026-09-19T19:05:04,enabled
489,2026-09-19T19:02:24,enabled
488,2026-09-19T19:01:22,enabled
487,2026-09-19T19:00:49,enabled
486,2026-09-19T18:56:54,enabled
485,2026-09-19T18:55:51,enabled
484,2026-09-19T18:55:19,enabled
483,2026-09-19T18:51:41,enabled
482,2026-09-19T18:50:38,enabled
481,2026-09-19T18:50:05,enabled
480,2026-09-19T18:46:44,enabled
479,2026-09-19T18:45:41,enabled
478,2026-09-19T18:45:08,enabled
477,2026-09-19T18:41:49,enabled
476,2026-09-19T18:40:46,enabled
475,2026-09-19T18:40:13,enabled
474,2026-09-19T18:36:41,enabled
473,2026-09-19T18:35:38,enabled
472,2026-09-19T18:35:05,enabled
471,2026-09-19T18:31:39,enabled
470,2026-09-19T18:30:36,enabled
469,2026-09-19T18:30:04,enabled
468,2026-09-19T18:26:40,enabled
467,2026-09-19T18:25:37,enabled
466,2026-09-19T18:25:04,enabled
465,2026-09-19T18:20:03,enabled
464,2026-09-19T18:15:04,enabled
463,2026-09-19T18:10:04,enabled
462,2026-09-19T18:05:04,enabled
461,2026-09-19T18:00:19,enabled
460,2026-09-19T17:55:16,enabled
459,2026-09-19T17:50:12,enabled
458,2026-09-19T17:45:05,enabled
457,2026-09-19T17:40:05,enabled
456,2026-09-19T17:35:13,enabled
455,2026-09-19T17:30:04,enabled
454,2026-09-19T17:25:11,enabled
453,2026-09-19T17:20:15,enabled
452,2026-09-19T17:15:07,enabled
451,2026-09-19T17:10:18,enabled
450,2026-09-19T17:05:05,enabled
449,2026-09-19T17:00:04,enabled
448,2026-09-19T16:55:04,enabled
447,2026-09-19T16:50:04,enabled
446,2026-09-19T16:45:04,enabled
445,2026-09-19T16:40:04,enabled
444,2026-09-19T16:35:04,enabled
443,2026-09-19T16:30:04,enabled
442,2026-09-19T16:25:04,enabled
441,2026-09-19T16:20:04,enabled
440,2026-09-19T16:15:04,enabled
439,2026-09-19T16:10:04,enabled
438,2026-09-19T16:05:04,enabled
437,2026-09-19T16:00:03,enabled
436,2026-09-19T15:55:04,enabled
435,2026-09-19T15:50:04,enabled
434,2026-09-19T15:45:07,enabled
433,2026-09-19T15:40:17,enabled
432,2026-09-19T15:35:13,enabled
431,2026-09-19T15:30:06,enabled
430,2026-09-19T15:25:08,enabled
429,2026-09-19T15:20:23,enabled
428,2026-09-19T15:15:12,enabled
427,2026-09-19T15:10:05,enabled
426,2026-09-19T15:05:07,enabled
425,2026-09-19T15:00:06,enabled
424,2026-09-19T14:55:04,enabled
423,2026-09-19T14:50:04,enabled
422,2026-09-19T14:45:13,enabled
421,2026-09-19T14:40:15,enabled
420,2026-09-19T14:35:07,enabled
419,2026-09-19T14:30:22,enabled
418,2026-09-19T14:25:04,enabled
417,2026-09-19T14:20:07,enabled
416,2026-09-19T14:15:05,enabled
415,2026-09-19T14:10:05,enabled
414,2026-09-19T14:05:09,enabled
413,2026-09-19T14:00:27,enabled
412,2026-09-19T13:55:08,enabled
411,2026-09-19T13:50:11,enabled
410,2026-09-19T13:45:18,enabled
409,2026-09-19T13:40:05,enabled
408,2026-09-19T13:35:05,enabled
407,2026-09-19T13:30:13,enabled
406,2026-09-19T13:25:18,enabled
405,2026-09-19T13:20:14,enabled
404,2026-09-19T13:15:04,enabled
403,2026-09-19T13:10:10,enabled
402,2026-09-19T13:05:12,enabled
401,2026-09-19T13:00:24,enabled
400,2026-09-19T12:55:06,enabled
399,2026-09-19T12:50:05,enabled
398,2026-09-19T12:45:05,enabled
397,2026-09-19T12:40:14,enabled
396,2026-09-19T12:35:15,enabled
395,2026-09-19T12:30:28,enabled
394,2026-09-19T12:25:08,enabled
393,2026-09-19T12:20:11,enabled
392,2026-09-19T12:15:09,enabled
391,2026-09-19T12:10:07,enabled
390,2026-09-19T12:05:04,enabled
389,2026-09-19T12:00:04,enabled
388,2026-09-19T11:55:03,enabled
387,2026-09-19T11:50:04,enabled
386,2026-09-19T11:45:04,enabled
385,2026-09-19T11:40:04,enabled
384,2026-09-19T11:35:04,enabled
383,2026-09-19T11:30:04,enabled
382,2026-09-19T11:25:04,enabled
381,2026-09-19T11:20:04,enabled
380,2026-09-19T11:15:04,enabled
379,2026-09-19T11:10:04,enabled
378,2026-09-19T11:05:04,enabled
377,2026-09-19T11:00:04,enabled
376,2026-09-19T10:55:03,enabled
375,2026-09-19T10:50:04,enabled
374,2026-09-19T10:45:03,enabled
373,2026-09-19T10:40:03,enabled
372,2026-09-19T10:35:19,enabled
371,2026-09-19T10:30:20,enabled
370,2026-09-19T10:25:06,enabled
369,2026-09-19T10:20:05,enabled
368,2026-09-19T10:15:04,enabled
367,2026-09-19T10:10:13,enabled
366,2026-09-19T10:05:07,enabled
365,2026-09-19T10:00:04,enabled
364,2026-09-19T09:55:04,enabled
363,2026-09-19T09:50:03,enabled
362,2026-09-19T09:45:04,enabled
361,2026-09-19T09:40:04,enabled
360,2026-09-19T09:35:04,enabled
359,2026-09-19T09:30:03,enabled
358,2026-09-19T09:25:04,enabled
357,2026-09-19T09:20:04,enabled
356,2026-09-19T09:15:04,enabled
355,2026-09-19T09:10:04,enabled
354,2026-09-19T09:05:04,enabled
353,2026-09-19T09:00:04,enabled
352,2026-09-19T08:55:06,enabled
351,2026-09-19T08:50:22,enabled
350,2026-09-19T08:45:05,enabled
349,2026-09-19T08:40:05,enabled
348,2026-09-19T08:35:05,enabled
347,2026-09-19T08:30:16,enabled
346,2026-09-19T08:25:09,enabled
345,2026-09-19T08:23:40,enabled
344,2026-09-19T08:20:09,enabled
343,2026-09-19T08:15:05,enabled
342,2026-09-19T08:10:10,enabled
341,2026-09-19T08:05:07,enabled
340,2026-09-19T08:00:04,enabled
339,2026-09-19T07:55:04,enabled
338,2026-09-19T07:50:04,enabled
337,2026-09-19T07:45:04,enabled
336,2026-09-19T07:40:04,enabled
335,2026-09-19T07:35:04,enabled
334,2026-09-19T07:30:05,enabled
333,2026-09-19T07:25:04,enabled
332,2026-09-19T07:20:04,enabled
331,2026-09-19T07:15:04,enabled
330,2026-09-19T07:10:04,enabled
329,2026-09-19T07:05:15,enabled
328,2026-09-19T07:00:49,enabled
327,2026-09-19T06:55:05,enabled
326,2026-09-19T06:50:07,enabled
325,2026-09-19T06:45:21,enabled
324,2026-09-19T06:40:10,enabled
323,2026-09-19T06:35:12,enabled
322,2026-09-19T06:30:06,enabled
321,2026-09-19T06:25:07,enabled
320,2026-09-19T06:20:08,enabled
319,2026-09-19T06:15:18,enabled
318,2026-09-19T06:10:17,enabled
317,2026-09-19T06:05:09,enabled
316,2026-09-19T06:00:31,enabled
315,2026-09-19T05:55:05,enabled
314,2026-09-19T05:50:12,enabled
313,2026-09-19T05:45:14,enabled
312,2026-09-19T05:40:04,enabled
311,2026-09-19T05:35:04,enabled
310,2026-09-19T05:30:04,enabled
309,2026-09-19T05:25:04,enabled
308,2026-09-19T05:20:04,enabled
307,2026-09-19T05:15:47,enabled
306,2026-09-19T05:15:12,enabled
305,2026-09-19T05:10:06,enabled
304,2026-09-19T05:05:04,enabled
303,2026-09-19T05:00:04,enabled
302,2026-09-19T04:55:04,enabled
301,2026-09-19T04:50:04,enabled
300,2026-09-19T04:45:04,enabled
299,2026-09-19T04:40:04,enabled
298,2026-09-19T04:35:04,enabled
297,2026-09-19T04:30:04,enabled
296,2026-09-19T04:25:04,enabled
295,2026-09-19T04:20:06,enabled
294,2026-09-19T04:15:16,enabled
293,2026-09-19T04:10:09,enabled
292,2026-09-19T04:05:04,enabled
291,2026-09-19T04:00:27,enabled
290,2026-09-19T03:55:05,enabled
289,2026-09-19T03:50:07,enabled
288,2026-09-19T03:45:15,enabled
287,2026-09-19T03:40:10,enabled
286,2026-09-19T03:35:13,enabled
285,2026-09-19T03:30:04,enabled
284,2026-09-19T03:25:07,enabled
283,2026-09-19T03:20:13,enabled
282,2026-09-19T03:15:05,enabled
281,2026-09-19T03:10:14,enabled
280,2026-09-19T03:05:07,enabled
279,2026-09-19T03:00:05,enabled
278,2026-09-19T02:55:04,enabled
277,2026-09-19T02:50:04,enabled
276,2026-09-19T02:45:06,enabled
275,2026-09-19T02:40:04,enabled
274,2026-09-19T02:35:04,enabled
273,2026-09-19T02:30:04,enabled
272,2026-09-19T02:25:05,enabled
271,2026-09-19T02:20:04,enabled
270,2026-09-19T02:15:04,enabled
269,2026-09-19T02:10:04,enabled
268,2026-09-19T02:05:04,enabled
267,2026-09-19T02:00:04,enabled
266,2026-09-19T01:55:05,enabled
265,2026-09-19T01:50:10,enabled
264,2026-09-19T01:45:04,enabled
263,2026-09-19T01:40:14,enabled
262,2026-09-19T01:35:08,enabled
261,2026-09-19T01:30:14,enabled
260,2026-09-19T01:25:11,enabled
259,2026-09-19T01:20:05,enabled
258,2026-09-19T01:15:05,enabled
257,2026-09-19T01:10:09,enabled
256,2026-09-19T01:05:13,enabled
255,2026-09-19T01:00:04,enabled
254,2026-09-19T00:55:04,enabled
253,2026-09-19T00:50:04,enabled
252,2026-09-19T00:45:04,enabled
251,2026-09-19T00:40:04,enabled
250,2026-09-19T00:35:04,enabled
249,2026-09-19T00:30:04,enabled
248,2026-09-19T00:25:04,enabled
247,2026-09-19T00:20:04,enabled
246,2026-09-19T00:15:03,enabled
245,2026-09-19T00:10:04,enabled
244,2026-09-19T00:05:07,enabled
243,2026-09-19T00:00:04,enabled
242,2026-09-18T23:55:04,enabled
241,2026-09-18T23:50:04,enabled
240,2026-09-18T23:45:04,enabled
239,2026-09-18T23:40:03,enabled
238,2026-09-18T23:35:03,enabled
237,2026-09-18T23:30:04,enabled
236,2026-09-18T23:25:04,enabled
235,2026-09-18T23:20:04,enabled
234,2026-09-18T23:15:04,enabled
233,2026-09-18T23:10:07,enabled
232,2026-09-18T23:05:19,enabled
231,2026-09-18T23:00:05,enabled
230,2026-09-18T22:55:04,enabled
229,2026-09-18T22:50:04,enabled
228,2026-09-18T22:45:04,enabled
227,2026-09-18T22:40:09,enabled
226,2026-09-18T22:35:05,enabled
225,2026-09-18T22:30:23,enabled
224,2026-09-18T22:25:05,enabled
223,2026-09-18T22:20:16,enabled
222,2026-09-18T22:15:13,enabled
221,2026-09-18T22:10:13,enabled
220,2026-09-18T22:05:17,enabled
219,2026-09-18T22:00:04,enabled
218,2026-09-18T21:55:07,enabled
217,2026-09-18T21:50:07,enabled
216,2026-09-18T21:45:29,enabled
215,2026-09-18T21:40:04,enabled
214,2026-09-18T21:35:14,enabled
213,2026-09-18T21:30:29,enabled
212,2026-09-18T21:25:05,enabled
211,2026-09-18T21:20:05,enabled
210,2026-09-18T21:15:18,enabled
209,2026-09-18T21:10:06,enabled
208,2026-09-18T21:05:11,enabled
207,2026-09-18T21:00:04,enabled
206,2026-09-18T20:55:05,enabled
205,2026-09-18T20:50:04,enabled
204,2026-09-18T20:45:04,enabled
203,2026-09-18T20:40:06,enabled
202,2026-09-18T20:35:04,enabled
201,2026-09-18T20:30:04,enabled
200,2026-09-18T20:25:04,enabled
199,2026-09-18T20:20:04,enabled
198,2026-09-18T20:15:03,enabled
197,2026-09-18T20:10:04,enabled
196,2026-09-18T20:05:06,enabled
195,2026-09-18T20:00:09,enabled
194,2026-09-18T19:55:12,enabled
193,2026-09-18T19:50:16,enabled
192,2026-09-18T19:45:16,enabled
191,2026-09-18T19:40:05,enabled
190,2026-09-18T19:35:06,enabled
189,2026-09-18T19:30:04,enabled
188,2026-09-18T19:25:04,enabled
187,2026-09-18T19:20:03,enabled
186,2026-09-18T19:15:05,enabled
185,2026-09-18T19:10:04,enabled
184,2026-09-18T19:05:04,enabled
183,2026-09-18T19:00:20,enabled
182,2026-09-18T18:55:04,enabled
181,2026-09-18T18:50:09,enabled
180,2026-09-18T18:45:04,enabled
179,2026-09-18T18:40:05,enabled
178,2026-09-18T18:35:05,enabled
177,2026-09-18T18:30:16,enabled
176,2026-09-18T18:25:11,enabled
175,2026-09-18T18:20:06,enabled
174,2026-09-18T18:15:05,enabled
173,2026-09-18T18:10:05,enabled
172,2026-09-18T18:05:05,enabled
171,2026-09-18T18:00:20,enabled
170,2026-09-18T17:55:05,enabled
169,2026-09-18T17:50:07,enabled
168,2026-09-18T17:45:21,enabled
167,2026-09-18T17:40:15,enabled
166,2026-09-18T17:35:06,enabled
165,2026-09-18T17:30:16,enabled
164,2026-09-18T17:25:04,enabled
163,2026-09-18T17:20:05,enabled
162,2026-09-18T17:15:06,enabled
161,2026-09-18T17:10:05,enabled
160,2026-09-18T17:05:09,enabled
159,2026-09-18T17:00:04,enabled
158,2026-09-18T16:55:04,enabled
157,2026-09-18T16:50:04,enabled
156,2026-09-18T16:45:04,enabled
155,2026-09-18T16:40:05,enabled
154,2026-09-18T16:35:04,enabled
153,2026-09-18T16:30:04,enabled
152,2026-09-18T16:25:04,enabled
151,2026-09-18T16:20:04,enabled
150,2026-09-18T16:15:04,enabled
149,2026-09-18T16:10:04,enabled
148,2026-09-18T16:05:08,enabled
147,2026-09-18T16:00:05,enabled
146,2026-09-18T15:55:05,enabled
145,2026-09-18T15:50:05,enabled
144,2026-09-18T15:45:04,enabled
143,2026-09-18T15:40:12,enabled
142,2026-09-18T15:35:16,enabled
141,2026-09-18T15:30:04,enabled
140,2026-09-18T15:25:06,enabled
139,2026-09-18T15:20:16,enabled
138,2026-09-18T15:15:16,enabled
137,2026-09-18T15:10:17,enabled
136,2026-09-18T15:05:16,enabled
135,2026-09-18T15:00:04,enabled
134,2026-09-18T14:55:04,enabled
133,2026-09-18T14:50:04,enabled
132,2026-09-18T14:45:04,enabled
131,2026-09-18T14:40:04,enabled
130,2026-09-18T14:35:04,enabled
129,2026-09-18T14:30:04,enabled
128,2026-09-18T14:25:04,enabled
127,2026-09-18T14:20:04,enabled
126,2026-09-18T14:15:03,enabled
125,2026-09-18T14:10:05,enabled
124,2026-09-18T14:05:04,enabled
123,2026-09-18T14:00:08,enabled
122,2026-09-18T13:55:03,enabled
121,2026-09-18T13:50:05,enabled
120,2026-09-18T13:45:04,enabled
119,2026-09-18T13:40:04,enabled
118,2026-09-18T13:35:05,enabled
117,2026-09-18T13:30:04,enabled
116,2026-09-18T13:25:16,enabled
115,2026-09-18T13:20:13,enabled
114,2026-09-18T13:15:23,enabled
113,2026-09-18T13:10:13,enabled
112,2026-09-18T13:05:04,enabled
111,2026-09-18T13:00:17,enabled
110,2026-09-18T12:55:05,enabled
109,2026-09-18T12:50:04,enabled
108,2026-09-18T12:45:16,enabled
107,2026-09-18T12:40:19,enabled
106,2026-09-18T12:35:17,enabled
105,2026-09-18T12:30:13,enabled
104,2026-09-18T12:25:05,enabled
103,2026-09-18T12:20:24,enabled
102,2026-09-18T12:15:18,enabled
101,2026-09-18T12:10:22,enabled
100,2026-09-18T12:05:04,enabled
99,2026-09-18T12:00:20,enabled
98,2026-09-18T11:55:14,enabled
97,2026-09-18T11:50:05,enabled
96,2026-09-18T11:45:18,enabled
95,2026-09-18T11:40:04,enabled
94,2026-09-18T11:35:03,enabled
93,2026-09-18T11:30:31,enabled
92,2026-09-18T11:25:04,enabled
91,2026-09-18T11:20:13,enabled
90,2026-09-18T11:15:13,enabled
89,2026-09-18T11:10:05,enabled
88,2026-09-18T11:05:06,enabled
87,2026-09-18T11:00:04,enabled
86,2026-09-18T10:55:04,enabled
85,2026-09-18T10:50:04,enabled
84,2026-09-18T10:45:04,enabled
83,2026-09-18T10:40:03,enabled
82,2026-09-18T10:35:05,enabled
81,2026-09-18T10:30:23,enabled
80,2026-09-18T10:25:06,enabled
79,2026-09-18T10:20:09,enabled
78,2026-09-18T10:15:25,enabled
77,2026-09-18T10:10:05,enabled
76,2026-09-18T10:05:17,enabled
75,2026-09-18T10:00:23,enabled
74,2026-09-18T09:55:05,enabled
73,2026-09-18T09:50:14,enabled
72,2026-09-18T09:45:13,enabled
71,2026-09-18T09:40:16,enabled
70,2026-09-18T09:35:06,enabled
69,2026-09-18T09:30:14,enabled
68,2026-09-18T09:25:12,enabled
67,2026-09-18T09:20:14,enabled
66,2026-09-18T09:15:13,enabled
65,2026-09-18T09:10:05,enabled
64,2026-09-18T09:05:06,enabled
63,2026-09-18T09:00:06,enabled
62,2026-09-18T08:55:04,enabled
61,2026-09-18T08:50:03,enabled
60,2026-09-18T08:45:04,enabled
59,2026-09-18T08:40:04,enabled
58,2026-09-18T08:35:05,enabled
57,2026-09-18T08:30:04,enabled
56,2026-09-18T08:25:04,enabled
55,2026-09-18T08:20:04,enabled
54,2026-09-18T08:15:04,enabled
53,2026-09-18T08:10:04,enabled
52,2026-09-18T08:05:04,enabled
51,2026-09-18T08:00:47,enabled
50,2026-09-18T07:55:23,enabled
49,2026-09-18T07:50:04,enabled
48,2026-09-18T07:45:03,enabled
47,2026-09-18T07:40:06,enabled
46,2026-09-18T07:35:04,enabled
45,2026-09-18T07:30:14,enabled
44,2026-09-18T07:26:28,enabled
43,2026-09-18T07:25:12,enabled
42,2026-09-18T07:20:04,enabled
41,2026-09-18T07:15:04,enabled
40,2026-09-18T07:10:07,enabled
39,2026-09-18T07:05:05,enabled
38,2026-09-18T07:00:03,enabled
37,2026-09-18T06:55:03,enabled
36,2026-09-18T06:50:03,enabled
35,2026-09-18T06:45:03,enabled
34,2026-09-18T06:40:03,enabled
33,2026-09-18T06:35:04,enabled
32,2026-09-18T06:30:12,enabled
31,2026-09-18T06:25:04,enabled
30,2026-09-18T06:20:04,enabled
29,2026-09-18T06:15:04,enabled
28,2026-09-18T06:10:09,enabled
27,2026-09-18T06:05:15,enabled
26,2026-09-18T06:00:16,enabled
25,2026-09-18T05:55:14,enabled
24,2026-09-18T05:50:23,enabled
23,2026-09-18T05:45:14,enabled
22,2026-09-18T05:40:26,enabled
21,2026-09-18T05:35:11,enabled
20,2026-09-18T05:30:04,enabled
19,2026-09-18T05:25:03,enabled
18,2026-09-18T05:20:03,enabled
17,2026-09-18T05:15:05,enabled
16,2026-09-18T05:10:07,enabled
15,2026-09-18T05:05:05,enabled
14,2026-09-18T05:00:19,enabled
13,2026-09-18T04:55:05,enabled
12,2026-09-18T04:50:05,enabled
11,2026-09-18T04:45:27,enabled
10,2026-09-18T04:40:10,enabled
9,2026-09-18T04:35:17,enabled
8,2026-09-18T04:30:14,enabled
7,2026-09-18T04:25:08,enabled
6,2026-09-18T04:20:03,enabled
5,2026-09-18T04:15:24,enabled
4,2026-09-18T04:10:08,enabled
3,2026-09-18T04:05:05,enabled
2,2026-09-18T04:00:03,enabled
1,2026-09-18T03:57:21,enabled
