21,2026-09-22T03:40:07,enabled
20,2026-09-21T22:35:07,enabled
19,2026-09-21T17:30:49,enabled
18,2026-09-21T12:30:09,enabled
17,2026-09-21T07:30:07,enabled
16,2026-09-20T21:20:38,enabled
15,2026-09-20T16:20:05,enabled
14,2026-09-20T11:16:43,enabled
13,2026-09-20T06:15:42,enabled
12,2026-09-20T01:15:40,enabled
11,2026-09-19T20:15:18,enabled
10,2026-09-19T15:15:11,enabled
9,2026-09-19T10:10:12,enabled
8,2026-09-19T05:10:05,enabled
7,2026-09-19T00:05:07,enabled
6,2026-09-18T19:00:20,enabled
5,2026-09-18T14:00:08,enabled
4,2026-09-18T09:00:06,enabled
3,2026-09-18T03:57:21,enabled
2,2026-09-18T03:24:15,enabled
1,2026-09-18T03:22:12,enabled
